{"mean":{"confidence_interval":{"confidence_level":0.95,"lower_bound":-0.007707061009859996,"upper_bound":0.054520513043201546},"point_estimate":0.02255553174521374,"standard_error":0.015915847753045227},"median":{"confidence_interval":{"confidence_level":0.95,"lower_bound":-0.014560602284308666,"upper_bound":0.09772141154595926},"point_estimate":0.02836523092790255,"standard_error":0.030484986651147235}}