{"mean":{"confidence_interval":{"confidence_level":0.95,"lower_bound":0.09281174139774617,"upper_bound":0.3498748592786276},"point_estimate":0.19628769603450835,"standard_error":0.06654703775243623},"median":{"confidence_interval":{"confidence_level":0.95,"lower_bound":0.1091931590474422,"upper_bound":0.2011889334445549},"point_estimate":0.13918738161939292,"standard_error":0.027462854528548263}}