{"mean":{"confidence_interval":{"confidence_level":0.95,"lower_bound":-0.012354847570183734,"upper_bound":0.13020041137184946},"point_estimate":0.06631414495841881,"standard_error":0.03698228980250594},"median":{"confidence_interval":{"confidence_level":0.95,"lower_bound":0.08298906427620789,"upper_bound":0.14588934085212868},"point_estimate":0.10071816407951806,"standard_error":0.016133203312985258}}