{"mean":{"confidence_interval":{"confidence_level":0.95,"lower_bound":482936.92126860406,"upper_bound":504825.65395575925},"point_estimate":493913.15062202024,"standard_error":5588.501270150244},"median":{"confidence_interval":{"confidence_level":0.95,"lower_bound":470905.73986486485,"upper_bound":523054.3617021277},"point_estimate":493125.10361426766,"standard_error":11652.562956237389},"median_abs_dev":{"confidence_interval":{"confidence_level":0.95,"lower_bound":56110.3677722242,"upper_bound":80254.34693732174},"point_estimate":68598.94554076495,"standard_error":6149.141424727244},"slope":{"confidence_interval":{"confidence_level":0.95,"lower_bound":487559.9122965969,"upper_bound":513414.84688169084},"point_estimate":500803.6196660263,"standard_error":6599.3864791515525},"std_dev":{"confidence_interval":{"confidence_level":0.95,"lower_bound":50367.362903224144,"upper_bound":61261.123866906826},"point_estimate":56156.81436047248,"standard_error":2785.087948686928}}